CIA	ORG	taking	381
Catholic	NORP	mccabe13	282
Catholic	NORP	mccabe12	257
Rockefeller	PERSON	rockfell	224
Inslaw	ORG	inslaw2	206
Jews	NORP	nazidocs	206
Catholic	NORP	mccabe17	194
Catholic	NORP	mccabe16	173
Catholic	NORP	mccabe18	173
Catholic	NORP	mccabe03	170
LaRouche	PERSON	right-lf	161
Catholic	NORP	mccabe15	151
Catholic	NORP	mccabe14	149
Catholic	NORP	mccabe04	145
Catholic	NORP	mccabe07	140
Catholic	NORP	mccabe19	140
CIA	ORG	jfkmessages	139
Catholic	NORP	mccabe09	134
Jew	NORP	nazidocs	133
Catholic	NORP	mccabe10	124
FBI	ORG	taking	120
Jews	NORP	shoah001	117
LaRouche	PERSON	larouche	112
Jewish	NORP	nazidocs	111
Catholic	NORP	mccabe01	108
Catholic	NORP	mccabe02	105
FBI	ORG	jfkmessages	103
Pagan	NORP	forg7	102
Catholic	NORP	mccabe05	101
CHRISTIANITY	NORP	forg7	97
CIA	ORG	secret	97
CIA	ORG	secretw	97
Catholic	NORP	mccabe06	96
Catholic	NORP	mccabe11	96
Freemason	NORP	if_entap	94
Jewish	NORP	right-lf	89
Wackenhut	ORG	shadwcia	87
Tesla	PERSON	tesla1	86
Masonic	NORP	if_entap	83
Jew	NORP	issue-25	82
CIA	ORG	jfk-echo	81
Constantine	PERSON	forg6	77
Vatican	GPE	mccabe10	77
Jewish	NORP	shoah001	77
Pagan	NORP	forg1	76
Tesla	PERSON	teslaved	76
Sun	LOC	gravac	73
CIA	ORG	illumhis	73
Pagan	NORP	forg4	71
Jew	NORP	issue-20	70
Catholic	NORP	mccabe08	68
CIA	ORG	marcheti	67
Vatican	GPE	mccabe09	67
CBS	ORG	taking	66
Vatican	GPE	mccabe08	64
Tesla	PERSON	tesla2	64
Vatican	GPE	mccabe02	61
Vatican	GPE	mccabe05	61
Jewish	NORP	forg2	59
Jew	NORP	forg3	58
Vatican	GPE	mccabe11	58
Tesla	PERSON	theory1	55
Freemasonry	NORP	if_felcr	54
CIA	ORG	illumin	53
Tesla	PERSON	tesla0	53
Jew	NORP	issue-18	51
Vatican	GPE	mccabe07	51
Russian	NORP	mccabe09	51
CIA	ORG	opal	51
Vatican	GPE	mccabe06	49
CHRISTIANITY	NORP	forg5	47
Jew	NORP	issue-24	45
Jews	NORP	shoah004	45
Jews	NORP	forg5	44
Catholics	NORP	mccabe10	44
Jews	NORP	shoah002	44
Jews	NORP	issue-17	43
CHRISTIANITY	NORP	forg6	42
CIA	ORG	goldtrig	42
Jews	NORP	issue-15	42
CIA	ORG	right-lf	42
New York	GPE	taking	42
CIA	ORG	exec_ord	41
CIA	ORG	executiv	41
CIA	ORG	jfk-0003	41
FBI	ORG	jfk-echo	41
Jews	NORP	shoah003	41
UFO	EVENT	web	41
Jews	NORP	forg2	39
Catholic	NORP	forg7	39
Jewish	NORP	issue-15	39
Vatican	GPE	mccabe01	39
CIA	ORG	shadwcia	38
ABC	ORG	taking	38
CIA	ORG	handbank	37
Vatican	GPE	mccabe03	37
Vatican	GPE	mccabe04	37
New York Times	ORG	taking	37
CHRISTIANITY	NORP	forg1	36
CHRISTIANITY	NORP	forg4	36
Catholics	NORP	mccabe08	35
Masonic	NORP	if_felcr	34
CIA	ORG	italy	34
Masonic	NORP	lostkey	34
Reagan	PERSON	scrtgovt	34
North	LOC	scrtgovt	33
Zapruder	PERSON	taking	33
CHRISTIANITY	NORP	forg2	32
Inslaw	ORG	ins-rich	32
Rockefeller	PERSON	illumin	31
Catholics	NORP	mccabe11	31
Rockefeller	PERSON	opal	31
Reagan	PERSON	secret	31
Reagan	PERSON	secretw	31
CIA	ORG	fema-2	30
Jewish	NORP	issue-24	30
Freemasonry	NORP	lostkey	29
Jews	NORP	right-lf	28
Jewish	NORP	shoah003	28
Jewish	NORP	shoah004	28
Pagan	NORP	forg6	27
Russian	NORP	mccabe06	27
Clinton	PERSON	drug-cia	26
CHRISTIANITY	NORP	forg0int	26
Catholic	NORP	forg0int	26
Jewish	NORP	issue-17	26
Rockefeller	PERSON	taking	26
UFO	EVENT	illumhis	25
Rockefeller	PERSON	incon001	25
Wackenhut	ORG	inslaw4	25
Cuban	NORP	jfk-echo	25
CHRISTIANITY	NORP	forg3	24
WACKENHUT	ORG	rockfell	24
CIA	ORG	deaths	23
CHRISTIAN	NORP	forg7	23
FBI	ORG	illumhis	23
Constantine	PERSON	forg1	22
CIA	ORG	incon001	22
Jewish	NORP	issue-21	22
Vatican	GPE	mccabe19	22
Jewish	NORP	forg5	21
FBI	ORG	hopp	21
Inslaw	ORG	inslaw3	21
Jewish	NORP	issue-26	21
Japanese	NORP	mccabe02	21
Vatican	GPE	mccabe13	21
CIA	ORG	sklbones	21
Cuban	NORP	taking	21
Tesla	PERSON	tesla	21
New York	GPE	incon001	20
Jews	NORP	issue-21	20
North America	LOC	jfkmessages	20
British	NORP	mccabe04	20
British	NORP	mccabe09	20
British	NORP	mccabe10	20
Reagan	PERSON	right-lf	20
CIA	ORG	rockfell	20
New York	GPE	rockfell	20
UFO	EVENT	wareufo	20
FBI	ORG	wtcbomb1	20
FBI	ORG	dallas	19
Catholic	NORP	forg6	19
Constantine	PERSON	forg7	19
Clines	PERSON	goldtrig	19
Freemason	NORP	if_felcr	19
Indian	NORP	issue-21	19
Clinton	PERSON	kisdeath	19
British	NORP	mccabe07	19
Vatican	GPE	mccabe14	19
Tesla	PERSON	mism18	19
African	NORP	right-lf	19
Zapruder	PERSON	dallas	18
FBI	ORG	deaths	18
Babylon	GPE	incon001	18
New York	GPE	incon003	18
Jews	NORP	issue-19	18
Jews	NORP	issue-26	18
Cubans	NORP	jfkmessages	18
Vatican	GPE	mccabe17	18
Tesla	PERSON	ssew	18
CIA	ORG	contrcia	17
British	NORP	illumhis	17
Russian	NORP	illumhis	17
Zapruder	PERSON	knoll	17
RFK	PERSON	taking	17
Jewish	NORP	forg1	16
Catholic	NORP	forg2	16
DeConcini	PERSON	goldtrig	16
Masonic	NORP	illumhis	16
Zapruder	PERSON	jfkmessages	16
British	NORP	mccabe08	16
Masonic	NORP	outline1	16
Inslaw	ORG	right-lf	16
Jewish	NORP	shoah002	16
McGovern	PERSON	taking	16
MLK	PERSON	taking	16
Egyptian	NORP	wtcbomb1	16
Reynolds	PERSON	exec_ord	15
Reynolds	PERSON	executiv	15
New York	GPE	incon002	15
New York	GPE	incon007	15
Jewish	NORP	issue-19	15
FBI	ORG	jfkques	15
Catholic	NORP	forg5	14
Pagan	NORP	forg5	14
Clines	PERSON	handbank	14
Babylon	GPE	kurt	14
British	NORP	outline1	14
FBI	ORG	weaver	14
CIA	ORG	wtcbomb4	14
Pagan	NORP	forg3	13
New York	GPE	illumhis	13
Egyptians	NORP	issue-15	13
IBMs	ORG	jfkmessages	13
British	NORP	mccabe19	13
North	LOC	right-lf	13
CIA	ORG	sc015	13
Tesla	PERSON	sem6	13
Zionism	NORP	zionism	13
Jews	NORP	zionism	13
Japanese	NORP	conspire	12
North	LOC	drugrunr	12
Reagan	PERSON	exec_ord	12
Reagan	PERSON	executiv	12
Catholic	NORP	forg1	12
Freemason	NORP	illumin	12
Freemasonry	NORP	illumina	12
New York City	GPE	incon001	12
Wackenhut	ORG	inslaw2	12
British	NORP	mccabe05	12
British	NORP	mccabe06	12
British	NORP	mccabe17	12
UFO	EVENT	rockfell	12
Wackenhut	ORG	rockfell	12
Clinton	PERSON	sc015	12
CIA	ORG	sc022	12
Sunburst	LOC	dpalma5	11
CIA	ORG	drug-cia	11
Reynolds	PERSON	fema-3	11
Paganism	NORP	forg1	11
Sun	LOC	forg1	11
Freemasonry	NORP	freeasoc	11
Rockefeller	PERSON	illumhis	11
Russian	NORP	incon001	11
Framers	NORP	incon003	11
Albany	GPE	inslaw	11
CIA	ORG	jfkques	11
FBI	ORG	larouche	11
Vatican	GPE	mccabe16	11
British	NORP	shoah001	11
Dachau	LOC	shoah003	11
UFO	EVENT	uni-cons	11
CIA	ORG	cowtown	10
Reagan	PERSON	fema-3	10
Pagan	NORP	forg0int	10
Jews	NORP	forg1	10
Pagan	NORP	forg2	10
Jews	NORP	forg7	10
LAOS	LOC	goldtrig	10
Reagan	PERSON	gvtscrcy	10
Rockefeller	PERSON	incon003	10
CIA	ORG	inslaw4	10
RFK	PERSON	jfk-echo	10
Cuban	NORP	jfkmessages	10
British	NORP	mccabe01	10
Jews	NORP	mccabe06	10
Jews	NORP	mccabe14	10
British	NORP	mccabe15	10
Beethoven	PERSON	mccabe18	10
Japanese	NORP	mccabe19	10
ABC	ORG	panamatv	10
Moon	LOC	right-lf	10
UFO	EVENT	spook	10
CIA	ORG	waves	10
CIA	ORG	wtcbomb1	10
British	NORP	consp	9
Clines	PERSON	contrcia	9
New York Times	ORG	exec_ord	9
New York Times	ORG	executiv	9
Freemason	NORP	freeasoc	9
Cuban	NORP	illumhis	9
Masonic	NORP	illumina	9
New York	GPE	incon013	9
IBM	ORG	inslaw2	9
Columbia	GPE	inslaw2	9
RACIAL	ORG	issue-17	9
Vatican	GPE	mccabe15	9
Russian	NORP	mccabe19	9
CBS	ORG	panamatv	9
UFO	EVENT	rat11	9
Zionist	NORP	right-lf	9
Clinton	PERSON	sc010	9
Russian	NORP	shoah002	9
Russian	NORP	shoah003	9
Russian	NORP	sovconst	9
British	NORP	a-z-cons	8
New York	GPE	cncka003	8
CIA	ORG	cotd9311	8
Sun	LOC	dark1	8
Cuban	NORP	drugrunr	8
CAIB	ORG	exec_ord	8
CAIB	ORG	executiv	8
Babylon	GPE	forg1	8
Catholic	NORP	forg3	8
Jew	NORP	forg5	8
Rockefeller	PERSON	goldtrig	8
Sun	LOC	if_felcr	8
Japanese	NORP	illumin	8
New York	GPE	inslaw	8
Inslaw	ORG	inslaw4	8
Egyptians	NORP	issue-17	8
Jew	NORP	issue-26	8
CIA	ORG	jfk-0001	8
Russian	NORP	jfk-echo	8
Reagan	PERSON	jfk-echo	8
New York	GPE	kgbbib	8
Jews	NORP	lock-imm	8
Russian	NORP	mccabe08	8
British	NORP	mccabe11	8
MacPherson	PERSON	news	8
Reagan	PERSON	no_reps	8
Japanese	NORP	opal	8
Russian	NORP	outline1	8
CIA	ORG	panamatv	8
RICONOSCIUTO	PERSON	rockfell	8
FBI	ORG	sc022	8
African	NORP	secret	8
African	NORP	secretw	8
Columbia	GPE	taking	8
CIA	ORG	wtcbomb2	8
Jewish	NORP	zionism	8
New York	GPE	zionism	8
CIA	ORG	a-z-cons	7
Maxwell	PERSON	a-z-cons	7
Clinton	PERSON	corpdem	7
New York	GPE	exec_ord	7
FBI	ORG	exec_ord	7
New York	GPE	executiv	7
FBI	ORG	executiv	7
New York Times	ORG	fema-2	7
CIA	ORG	fema-3	7
FBI	ORG	foia	7
New York City	GPE	forg0int	7
Catholic	NORP	forg4	7
Jewish	NORP	forg7	7
IBM	ORG	incon001	7
Patriots	NORP	incon003	7
Reagan	PERSON	inslaw2	7
Canada	GPE	inslaw2	7
Jew	NORP	issue-15	7
Jew	NORP	issue-17	7
Jew	NORP	issue-19	7
Egyptians	NORP	issue-25	7
New York Times	ORG	jfkmessages	7
British	NORP	mccabe03	7
Russian	NORP	mccabe04	7
Vatican	GPE	mccabe12	7
British	NORP	mccabe18	7
UFO	EVENT	men-blck	7
Russian	NORP	nazidocs	7
CIA	ORG	no_reps	7
Northern	PERSON	notreasn	7
OFFICIAL	ORG	nsa-egb	7
New York Times	ORG	panamatv	7
Indiana	NORP	peril	7
RFK	PERSON	rfk1	7
KPFA	ORG	right-lf	7
Zionism	NORP	right-lf	7
Reynolds	PERSON	right-lf	7
Vatican	GPE	sc001	7
Clinton	PERSON	sc009	7
CIA	ORG	sc010	7
CIA	ORG	scrtgovt	7
Cubans	NORP	secret	7
Cubans	NORP	secretw	7
New York Times	ORG	twins	7
CIA	ORG	uni-cons	7
UFO	EVENT	consp	6
CIA	ORG	consp	6
CIA	ORG	dallas	6
CAIB	ORG	fema-2	6
Jew	NORP	forg4	6
Sun	LOC	forg7	6
Vatican	GPE	forg7	6
North	LOC	goldtrig	6
McDonald	PERSON	goldtrig	6
Sun	LOC	handbank	6
FBI	ORG	hoover	6
UFOs	EVENT	illumhis	6
Columbia	GPE	incon001	6
Patriots	NORP	incon002	6
CIA	ORG	ins-rich	6
Reagan	PERSON	ins-rich	6
IBM	ORG	inslaw	6
FBI	ORG	inslaw4	6
New York	GPE	ironmoun	6
Judaism	NORP	issue-25	6
Zapruder	PERSON	jfk-echo	6
CIA	ORG	kgbbib	6
Sun	LOC	lostkey	6
British	NORP	mccabe02	6
Jew	NORP	mccabe02	6
Duce	NORP	mccabe02	6
Jews	NORP	mccabe03	6
Falangist	ORG	mccabe04	6
Japanese	NORP	mccabe04	6
Japanese	NORP	mccabe06	6
British	NORP	mccabe12	6
British	NORP	mccabe13	6
Columbia	GPE	mccabe13	6
Babylon	GPE	mccabe15	6
North	LOC	notreasn	6
Rockefeller	PERSON	outline1	6
Cuban	NORP	pvtprop2	6
FBI	ORG	right-lf	6
British	NORP	rockfell	6
CANADA	GPE	rockfell	6
CANADIAN	NORP	rockfell	6
CIA	ORG	sc007	6
Clinton	PERSON	sc008	6
CIA	ORG	sc009	6
CIA	ORG	sc012	6
Clinton	PERSON	sc012	6
Cuban	NORP	secret	6
Cuban	NORP	secretw	6
British	NORP	sem6	6
FBI	ORG	shadwcia	6
New York	GPE	shoah001	6
Russian	NORP	shoah001	6
British	NORP	shoah003	6
British	NORP	ssew	6
North Alliance	LOC	taking	6
Marconi	PERSON	tesla2	6
LaRouche	PERSON	totalism	6
Tesla	PERSON	waves	6
CIA	ORG	web	6
Jewish	NORP	wtcbomb1	6
Mooneyham	LOC	cncka003	5
Japanese	NORP	dictator	5
FBI	ORG	fema-2	5
Sunday	LOC	forg0int	5
Jewry	NORP	forg2	5
Jew	NORP	forg2	5
Vatican	GPE	forg5	5
Vatican	GPE	forg6	5
PAGANISM	NORP	forg7	5
PAGAN	NORP	forg7	5
New York	GPE	goldtrig	5
Columbia	GPE	goldtrig	5
Tesla	PERSON	illumhis	5
New York	GPE	illumin	5
Trilateralists	NORP	illumin	5
Patriot	NORP	incon001	5
Columbia	GPE	incon007	5
Inslaw	ORG	inslaw	5
Reagan	PERSON	inslaw	5
CICS	ORG	inslaw2	5
Reagan	PERSON	inslaw3	5
Reagan	PERSON	inslaw4	5
Russian	NORP	inthenam	5
Judaism	NORP	issue-15	5
Vatican	GPE	italy	5
Zapruder	PERSON	jfk-0002	5
McDonald	PERSON	jfk-echo	5
New York	GPE	jfkmessages	5
CIA	ORG	kisdeath	5
Monkey	NORP	kurt	5
Spaniards	NORP	mccabe04	5
Duce	NORP	mccabe08	5
Japanese	NORP	mccabe09	5
Russians	NORP	mccabe10	5
Spaniard	NORP	mccabe10	5
Marconi	PERSON	mccabe12	5
African	NORP	mccabe14	5
New York	GPE	mccabe17	5
Vatican	GPE	mccabe18	5
Tesla	PERSON	mism16	5
New York	GPE	moynihan	5
Reagan	PERSON	ntlguard	5
Trilateralists	NORP	opal	5
New York	GPE	panamatv	5
ABC	ORG	pcensor	5
Sun	LOC	right-lf	5
CIA	ORG	sc002	5
Rockefeller	PERSON	senators	5
Jew	NORP	shoah001	5
New York City	GPE	taking	5
McDonald	PERSON	taking	5
Milwaukee	GPE	taking	5
Jew	NORP	twins	5
Roswell	GPE	uni-cons	5
KRLL	PERSON	uni-cons	5
BATF	ORG	weaver	5
New York	GPE	wtcbomb1	5
Jews	NORP	wtcbomb1	5
Zionist	NORP	zionism	5
Inslaw	ORG	a-z-cons	4
FBI	ORG	cncka003	4
Tesla	PERSON	consp	4
Reagan	PERSON	consp	4
North	LOC	contrcia	4
Cubans	NORP	deaths	4
Indians	NORP	dictator	4
Columbian	GPE	drugrunr	4
CIA	ORG	drugrunr	4
North	LOC	exec_ord	4
North	LOC	executiv	4
Reynolds	PERSON	fema-1	4
CIA	ORG	fema-1	4
New York	GPE	fema-2	4
North	LOC	fema-3	4
Russian	NORP	forg0int	4
CHRISTIAN	NORP	forg1	4
Judaism	NORP	forg1	4
Indian	NORP	forg1	4
Babylonian	GPE	forg2	4
Judah	NORP	forg2	4
Judas	NORP	forg4	4
Constantine	PERSON	forg4	4
Jews	NORP	forg6	4
Reagan	PERSON	goldtrig	4
Northeast	PERSON	if_entap	4
Pennsylvania	GPE	illumhis	4
Freemasons	NORP	illumina	4
Sunday	LOC	incon001	4
Rockefeller	PERSON	incon002	4
Patriots	NORP	incon007	4
North	LOC	incon007	4
Russian	NORP	incon007	4
Patriot	NORP	incon008	4
UFO	EVENT	intro	4
Egyptian	NORP	issue-15	4
Patriot	NORP	issue-15	4
Indian	NORP	issue-17	4
RACIAL	ORG	issue-19	4
Judaism	NORP	issue-19	4
Egyptian	NORP	issue-26	4
CHRISTIANITY	NORP	issue-26	4
FBI	ORG	jfk-0001	4
FBI	ORG	jfk-0003	4
Clinton	PERSON	jfk-echo	4
Russian	NORP	jfkmessages	4
British	NORP	kgbbib	4
CHRISTIAN	NORP	kurt	4
Jews	NORP	kurt	4
Albuquerque	GPE	kurt	4
CIA	ORG	larouche	4
Jewish	NORP	lock-imm	4
Egyptian	NORP	lostkey	4
Japanese	NORP	mccabe03	4
Russian	NORP	mccabe03	4
Jews	NORP	mccabe07	4
Harriman	PERSON	mccabe09	4
British	NORP	mccabe14	4
Owen	PERSON	mccabe14	4
New York	GPE	mccabe15	4
British	NORP	mccabe16	4
Russian	NORP	mccabe16	4
Rockefeller	PERSON	moynihan	4
Masonic	NORP	msnscrts	4
FBI	ORG	nag	4
FBI	ORG	no_reps	4
FBI	ORG	opal	4
New York	GPE	outline1	4
Tesla	PERSON	outline1	4
Canada	GPE	peril	4
UFO	EVENT	pgen	4
New York	GPE	right-lf	4
AFFIDAVIT	PERSON	rockfell	4
ENGLAND	GPE	rockfell	4
GERMANY	GPE	rockfell	4
Columbian	GPE	rockfell	4
Japanese	NORP	sc001	4
Clinton	PERSON	sc016	4
Clinton	PERSON	sc017	4
Nicaraguan	NORP	scrtgovt	4
Vietnamese	NORP	secret	4
Nicaraguan	NORP	secret	4
Vietnamese	NORP	secretw	4
Nicaraguan	NORP	secretw	4
Dodd	PERSON	senators	4
Reagan	PERSON	shadwcia	4
Dachau	LOC	shoah001	4
Russians	NORP	shoah002	4
British	NORP	shoah002	4
New York	GPE	shoah003	4
Dachau	LOC	shoah004	4
Inslaw	ORG	skolnick9503	4
Reagan	PERSON	taking	4
Montreal	GPE	taking	4
Jews	NORP	totalism	4
Koresh	PERSON	waco1	4
Reagan	PERSON	waves	4
New York City	GPE	wtcbomb1	4
Judaism	NORP	wtcbomb1	4
FBI	ORG	wtcbomb2	4
Judaism	NORP	zionism	4
IBM	ORG	666_ibm	3
Jews	NORP	a-z-cons	3
Clinton	PERSON	a-z-cons	3
FBI	ORG	a-z-cons	3
Japanese	NORP	a-z-cons	3
Egyptian	NORP	consp	3
CIA	ORG	contra	3
Owen	PERSON	contrcia	3
Broadway	LOC	cowtown	3
Baltimore	GPE	crybaby	3
Reynolds	PERSON	deaths	3
Cuban	NORP	deaths	3
FBI	ORG	drugrunr	3
CHRISTIAN	NORP	evol-110	3
Indian	NORP	exec_ord	3
Pennsylvania	GPE	exec_ord	3
Cuban	NORP	exec_ord	3
Canada	GPE	exec_ord	3
Indian	NORP	executiv	3
Pennsylvania	GPE	executiv	3
Cuban	NORP	executiv	3
Canada	GPE	executiv	3
New York	GPE	fema-1	3
Cuban	NORP	fema-2	3
Canada	GPE	fema-2	3
Jews	NORP	forg0int	3
New York	GPE	forg0int	3
Jew	NORP	forg0int	3
Judaea	NORP	forg3	3
OFFICIAL	ORG	forg3	3
Jews	NORP	forg4	3
Evangelist	NORP	forg4	3
Evangelists	NORP	forg5	3
Sun	LOC	forg6	3
African	NORP	forg7	3
Masonic	NORP	freeasoc	3
REBELLION	PERSON	goldtrig	3
Montreal	GPE	goldtrig	3
British	NORP	gun-ctrl	3
FBI	ORG	handbank	3
Cuban	NORP	hoover	3
Moon	LOC	if_entap	3
Sun	LOC	if_entap	3
Jews	NORP	if_felcr	3
Moon	LOC	if_felcr	3
North	LOC	if_felcr	3
Babylonia	GPE	illumhis	3
Sun	LOC	illumhis	3
Bagdad	GPE	illumhis	3
African	NORP	illumhis	3
Freemasonry	NORP	illumhis	3
Freemasons	NORP	illumhis	3
Indian	NORP	illumhis	3
Egyptian	NORP	illumhis	3
Canada	GPE	illumhis	3
CBS	ORG	illumhis	3
FBI	ORG	illumin	3
Vatican	GPE	illumin	3
British	NORP	illumin	3
Montreal	GPE	illumin	3
North	LOC	illumin	3
Heathens	NORP	incon001	3
Dodd	PERSON	incon001	3
Monk	NORP	incon002	3
British	NORP	incon002	3
SOCIAL	ORG	incon002	3
New York City	GPE	incon003	3
Rockefeller	PERSON	incon007	3
Framers	NORP	incon007	3
Jewish	NORP	incon008	3
Rockefeller	PERSON	incon013	3
Canada	GPE	ins-rich	3
Indians	NORP	ins-rich	3
Dodd	PERSON	inslaw	3
Pennsylvania	GPE	inslaw2	3
Indians	NORP	inslaw2	3
Wackenhut	ORG	inslaw3	3
African	NORP	inthenam	3
Russians	NORP	inthenam	3
Montreal	GPE	ironmoun	3
Judaic	NORP	issue-15	3
Judaism	NORP	issue-18	3
African	NORP	issue-21	3
Judaic	NORP	issue-25	3
Egyptians	NORP	issue-26	3
CIA	ORG	jfk-0002	3
Cuban	NORP	jfk-0003	3
British	NORP	jfk-echo	3
CIA	ORG	jfkkill	3
Vietnamese	NORP	jfkmessages	3
RFK	PERSON	jfkques	3
MLK	PERSON	jfkques	3
FBI	ORG	kisdeath	3
Indianapolis	NORP	kisdeath	3
Inslaw	ORG	kisdeath	3
Northwest	PERSON	kurt	3
Babylon	GPE	kurtresp	3
Richmond	GPE	larouche	3
Jews	NORP	lostkey	3
Russian	NORP	mccabe01	3
Canada	GPE	mccabe01	3
Japanese	NORP	mccabe01	3
Indians	NORP	mccabe02	3
Japanese	NORP	mccabe05	3
Russian	NORP	mccabe05	3
New York	GPE	mccabe06	3
Russian	NORP	mccabe07	3
Jews	NORP	mccabe10	3
Gauleiter	NORP	mccabe11	3
Jews	NORP	mccabe13	3
Japanese	NORP	mccabe13	3
Judaea	NORP	mccabe15	3
Freemasons	NORP	mccabe17	3
Canada	GPE	mccabe17	3
Japanese	NORP	mccabe17	3
Freemason	NORP	mccabe18	3
Russians	NORP	nazidocs	3
Dachau	LOC	nazidocs	3
CIA	ORG	ntlguard	3
Vatican	GPE	opal	3
New York	GPE	opal	3
Montreal	GPE	opal	3
North	LOC	opal	3
Babylonia	GPE	outline1	3
Bagdad	GPE	outline1	3
Freemasonry	NORP	outline1	3
Freemasons	NORP	outline1	3
Egyptian	NORP	outline1	3
FBI	ORG	peril	3
New York	GPE	peril	3
British	NORP	peril	3
Butter	GPE	peril	3
Russian	NORP	pluton	3
British	NORP	right-lf	3
Diamond	PERSON	right-lf	3
Richmond	GPE	right-lf	3
Clinton	PERSON	sc003	3
Rockefeller	PERSON	sc006	3
Clinton	PERSON	sc007	3
Clinton	PERSON	sc020	3
Clinton	PERSON	sc023	3
Vatican	GPE	scrtgovt	3
Russians	NORP	secret	3
Russians	NORP	secretw	3
Tesla	PERSON	sem7	3
Clinton	PERSON	senators	3
Gramm	PERSON	senators	3
DeConcini	PERSON	senators	3
Johnston	PERSON	senators	3
ABC	ORG	shadwcia	3
Japanese	NORP	shoah001	3
McCarthy	PERSON	shoah002	3
Dachau	LOC	shoah002	3
Jewry	NORP	shoah003	3
British	NORP	shoah004	3
British	NORP	skolnick9503	3
Clinton	PERSON	skolnick9503	3
Canada	GPE	taking	3
Hyannisport	LOC	taking	3
Indiana	NORP	taking	3
New York	GPE	tesla	3
New York Times	ORG	tesla2	3
New York	GPE	teslaved	3
Tesla	PERSON	tesquote	3
North	LOC	uni-cons	3
IAC	EVENT	uni-cons	3
MAJIC	ORG	uni-cons	3
New York	GPE	waves	3
New York Times	ORG	weaver	3
FBI	ORG	web	3
Zionist	NORP	wtcbomb1	3
British	NORP	wtcbomb1	3
Egyptian	NORP	wtcbomb2	3
Starmaster	PERSON	9dims	2
MasterCard	ORG	666_ibm	2
New York	GPE	666_ibm	2
UFO	EVENT	a-z-cons	2
Reagan	PERSON	a-z-cons	2
Marconi	PERSON	a-z-cons	2
Yakuza	ORG	a-z-cons	2
Zagreb	GPE	a-z-cons	2
British	NORP	cncka002	2
Sun	LOC	cncka002	2
Mooney	LOC	cncka003	2
Vatican	GPE	consp	2
Beethoven	PERSON	consp	2
McCarthy	PERSON	consp	2
Sun	LOC	consp	2
Japanese	NORP	consp	2
Russian	NORP	consp	2
Reagan	PERSON	contrcia	2
Columbia	GPE	contrcia	2
Cuban	NORP	cowtown	2
FBI	ORG	cowtown	2
New York	GPE	cowtown	2
UFOs	EVENT	crybaby	2
New York	GPE	crybaby	2
North Pole	LOC	crybaby	2
New York Times	ORG	crybaby	2
Sun	LOC	crybaby	2
McDonald	PERSON	deaths	2
Zapruder	PERSON	deaths	2
FBI	ORG	dictator	2
FBI	ORG	diplomat	2
New York	GPE	drug-cia	2
Albuquerque	GPE	evol-110	2
African	NORP	exec_ord	2
NSTAC	ORG	exec_ord	2
African	NORP	executiv	2
NSTAC	ORG	executiv	2
New York	GPE	fakeaids	2
Indian	NORP	fema-1	2
Pennsylvania	GPE	fema-1	2
CAIB	ORG	fema-1	2
Reagan	PERSON	fema-2	2
African	NORP	fema-2	2
FBI	ORG	fema-3	2
NSTAC	ORG	fema-3	2
Pennsylvania	GPE	foia	2
Jeremiads	NORP	forg0int	2
Columbia	GPE	forg0int	2
Buffalo	GPE	forg0int	2
CHRISTIAN	NORP	forg0int	2
Vatican	GPE	forg1	2
Judaism	NORP	forg2	2
Babylon	GPE	forg2	2
Egyptian	NORP	forg2	2
CHRISTIAN	NORP	forg2	2
Vespasian	PERSON	forg2	2
CHRISTIAN	NORP	forg3	2
Judaism	NORP	forg3	2
Pagans	NORP	forg3	2
Egyptians	NORP	forg3	2
Judas	NORP	forg3	2
PAGAN	NORP	forg4	2
CHRISTIAN	NORP	forg4	2
African	NORP	forg5	2
Nazareth	GPE	forg5	2
New York Times	ORG	forg6	2
Northern	PERSON	forg7	2
Columbia	GPE	forg7	2
Infidels	NORP	forg7	2
Monk	NORP	forg7	2
UFOs	EVENT	forward	2
Japanese	NORP	free-trd	2
UFO	EVENT	germ	2
AFFIDAVIT	PERSON	goldtrig	2
Vietnamese	NORP	goldtrig	2
Meo	NORP	goldtrig	2
British	NORP	goldtrig	2
CBS	ORG	goldtrig	2
Sunspots	LOC	gravac	2
Japanese	NORP	gun-ctrl	2
ASSOCIATION	ORG	gvtscrcy	2
Patriots	NORP	handbank	2
British	NORP	hertecon	2
McCarthy	PERSON	hoover	2
New York	GPE	hoover	2
Russian	NORP	hoover	2
Jews	NORP	if_entap	2
Jewish	NORP	if_entap	2
North	LOC	if_entap	2
Jewels	NORP	if_entap	2
Jewels	NORP	if_felcr	2
Felloweraft	NORP	if_felcr	2
Egyptian	NORP	if_felcr	2
Jewish	NORP	if_felcr	2
Westminster	GPE	if_felcr	2
Dropa	NORP	illumhis	2
Egyptians	NORP	illumhis	2
North	LOC	illumhis	2
Columbia	GPE	illumhis	2
Jew	NORP	illumhis	2
Marconi	PERSON	illumhis	2
Zion	NORP	illumhis	2
North Carolina	LOC	illumhis	2
McCarthy	PERSON	illumhis	2
North Slope	LOC	illumin	2
North Sea	LOC	illumin	2
Freemasonry	NORP	illumin	2
Zion	NORP	illumina	2
Pennsylvania	GPE	incon001	2
Buffalo	GPE	incon001	2
Babylonia	GPE	incon001	2
Moon	LOC	incon001	2
North	LOC	incon002	2
Sun	LOC	incon002	2
New York City	GPE	incon002	2
British	NORP	incon003	2
Heathens	NORP	incon003	2
Columbia	GPE	incon003	2
FINANCIAL	ORG	incon003	2
ENGLAND	GPE	incon003	2
Indians	NORP	incon007	2
British	NORP	incon007	2
Patriot	NORP	incon007	2
New York	GPE	incon008	2
New York City	GPE	incon008	2
Rockefeller	PERSON	incon008	2
ASSOCIATION	ORG	incon009	2
Pennsylvania	GPE	incon013	2
LEAA	ORG	ins-rich	2
FINANCIAL	ORG	inslaw	2
CIA	ORG	inslaw2	2
FBI	ORG	inslaw2	2
Indians	NORP	inslaw4	2
Indian	NORP	inslaw4	2
Beach	PERSON	inthenam	2
Japanese	NORP	intro	2
RACIAL	ORG	issue-15	2
CHRISTIAN	NORP	issue-15	2
Zionists	NORP	issue-15	2
Judaism	NORP	issue-17	2
Judaeo	NORP	issue-18	2
Reagan	PERSON	issue-19	2
Spaniards	NORP	issue-20	2
Indian	NORP	issue-24	2
Judaism	NORP	issue-24	2
Zionist	NORP	issue-24	2
FBI	ORG	jfk-0002	2
Cubans	NORP	jfk-0003	2
Sun	LOC	jfk-echo	2
MLK	PERSON	jfk-echo	2
Richmond	GPE	jfk-echo	2
Montreal	GPE	jfk-echo	2
Owens	PERSON	jfk-echo	2
FBI	ORG	jfkkill	2
Rockefeller	PERSON	jfkmessages	2
FBI	ORG	kgbbib	2
Wackenhut	ORG	kisdeath	2
Indian	NORP	kisdeath	2
Reynolds	PERSON	kisdeath	2
IBM	ORG	kurt	2
North American	LOC	kurt	2
New York	GPE	kurt	2
Pagan	NORP	kurtresp	2
Reagan	PERSON	larouche	2
New York City	GPE	laws5	2
New York	GPE	laws5	2
Pennsylvania	GPE	laws7	2
Clinton	PERSON	laws7	2
Moon	LOC	lostkey	2
Richmond	GPE	marcheti	2
Reynolds	PERSON	mars	2
ABC	ORG	mccabe02	2
Jewish	NORP	mccabe03	2
New York Times	ORG	mccabe05	2
Jew	NORP	mccabe06	2
Canada	GPE	mccabe06	2
New York Times	ORG	mccabe07	2
Freemasons	NORP	mccabe07	2
African	NORP	mccabe07	2
Freemasonry	NORP	mccabe08	2
Russian	NORP	mccabe10	2
Jewish	NORP	mccabe10	2
Japanese	NORP	mccabe10	2
Falangists	ORG	mccabe10	2
Reynolds	PERSON	mccabe10	2
Indian	NORP	mccabe11	2
Russian	NORP	mccabe11	2
Briton	GPE	mccabe11	2
Canada	GPE	mccabe12	2
Jewish	NORP	mccabe12	2
Jews	NORP	mccabe12	2
Russian	NORP	mccabe12	2
Babylonia	GPE	mccabe12	2
Martindale	PERSON	mccabe13	2
Russian	NORP	mccabe14	2
Egyptian	NORP	mccabe15	2
Jews	NORP	mccabe15	2
Russian	NORP	mccabe15	2
Russian	NORP	mccabe17	2
Constantine	PERSON	mccabe18	2
Jewish	NORP	mccabe18	2
New York	GPE	mccabe19	2
Sun	LOC	mccabe19	2
New York	GPE	men-blck	2
North America	LOC	mindscan	2
New York	GPE	mism18	2
Russian	NORP	mism18	2
Reagan	PERSON	moynihan	2
Freemason	NORP	msnscrts	2
North Pole	LOC	msnscrts	2
KRISTALLNACHT	EVENT	nazidocs	2
New York	GPE	nazidocs	2
Gauleiter	NORP	nazidocs	2
Gypsy	NORP	nazidocs	2
WACL	ORG	no_reps	2
FBI	ORG	ntlguard	2
NSTAC	ORG	ntlguard	2
North Slope	LOC	opal	2
British	NORP	opal	2
Dropa	NORP	outline1	2
Egyptians	NORP	outline1	2
North	LOC	outline1	2
Sun	LOC	outline1	2
African	NORP	outline1	2
Pennsylvania	GPE	outline1	2
Jew	NORP	outline1	2
Zion	NORP	outline1	2
Cuban	NORP	panamatv	2
North	LOC	panamatv	2
CBS	ORG	pcensor	2
Pennsylvania	GPE	pcensor	2
Reagan	PERSON	pcensor	2
Clinton	PERSON	pcensor	2
IRAQGATE	GPE	pcensor	2
CIA	ORG	pcensor	2
Clinton	PERSON	peril	2
Reagan	PERSON	peril	2
UFO	EVENT	philaexp	2
British	NORP	pluton	2
Judaism	NORP	polit-cr	2
Russian	NORP	rat11	2
Portland	GPE	right-lf	2
Canada	GPE	right-lf	2
Pennsylvania	GPE	right-lf	2
Trilateralists	NORP	right-lf	2
Burch	PERSON	right-lf	2
Roundtables	ORG	rockfell	2
RFK	PERSON	rockfell	2
MLK	PERSON	rockfell	2
North	LOC	rockfell	2
ABC	ORG	rockfell	2
CBS	ORG	rockfell	2
New York Times	ORG	rockfell	2
Inslaw	ORG	rockfell	2
FBI	ORG	rockfell	2
CASTRO	PERSON	rockfell	2
IRAQ	GPE	rockfell	2
Briton	GPE	rockfell	2
Canada	GPE	rockfell	2
Montreal	GPE	rockfell	2
Russians	NORP	rockfell	2
Indian	NORP	rockfell	2
Masonic	NORP	rockfell	2
Japanese	NORP	rockfell	2
Vatican	GPE	sc003	2
Inslaw	ORG	sc004	2
Clinton	PERSON	sc005	2
Clinton	PERSON	sc006	2
FBI	ORG	sc009	2
Inslaw	ORG	sc009	2
IBM	ORG	sc011	2
Vyrdolak	PERSON	sc013	2
Clinton	PERSON	sc014	2
CIA	ORG	sc014	2
Rockefeller	PERSON	sc016	2
Indiana	NORP	sc019	2
CIA	ORG	sc020	2
Rockefellers	PERSON	sc021	2
Sun	LOC	sc021	2
Rockefeller	PERSON	scientol	2
Canada	GPE	scientol	2
Catholics	NORP	secret	2
New York Times	ORG	secret	2
New York	GPE	secret	2
Indians	NORP	secret	2
Jewish	NORP	secret	2
Catholics	NORP	secretw	2
New York Times	ORG	secretw	2
New York	GPE	secretw	2
Indians	NORP	secretw	2
Jewish	NORP	secretw	2
Anchorage	GPE	sem5	2
New York Times	ORG	shoah001	2
Russian	NORP	shoah004	2
New York City	GPE	sklbones	2
Rockefellers	PERSON	skolnick9503	2
North	LOC	ssew	2
Cuban	NORP	ssew	2
Anchorage	GPE	ssew	2
McCarthy	PERSON	taking	2
Sundance	LOC	taking	2
North	LOC	taking	2
Owens	PERSON	taking	2
North Pole	LOC	tesla2	2
Ramakrishna	PERSON	teslaved	2
Canada	GPE	teslaved	2
New York Times	ORG	teslaved	2
Koresh	PERSON	theory	2
Sunday	LOC	twins	2
Vietnamese	NORP	uni-cons	2
NRO	ORG	uni-cons	2
Crill	PERSON	uni-cons	2
Russians	NORP	walker	2
Russian	NORP	walker	2
McDonald	PERSON	waves	2
Indian	NORP	waves	2
Canada	GPE	web	2
Northern	PERSON	web	2
EBES	PERSON	web	2
JDL	ORG	wtcbomb1	2
Jew	NORP	wtcbomb1	2
Nicaraguan	NORP	wtcbomb4	2
Locust	PERSON	9dims	1
Nostradameus	PERSON	9dims	1
FBI	ORG	666_ibm	1
Eurocheque	ORG	666_ibm	1
CitiCorp	ORG	666_ibm	1
Westminster	GPE	666_ibm	1
CIA	ORG	666_ibm	1
Zion	NORP	a-z-cons	1
Jewish	NORP	a-z-cons	1
Rockefeller	PERSON	a-z-cons	1
ILLUMINATI	ORG	a-z-cons	1
Russian	NORP	a-z-cons	1
Cubans	NORP	a-z-cons	1
MARCONI	PERSON	a-z-cons	1
Vatican	GPE	a-z-cons	1
Catholic	NORP	a-z-cons	1
YAKUZA	ORG	a-z-cons	1
ZAGREB	GPE	a-z-cons	1
New York	GPE	cncka002	1
FBI	ORG	cncka002	1
Zapruder	PERSON	cncka003	1
Danvers	GPE	cncka003	1
North Avenue	LOC	compse	1
New York	GPE	compse	1
Moon	LOC	consp	1
FBI	ORG	consp	1
North	LOC	consp	1
Canada	GPE	consp	1
North Pole	LOC	consp	1
New York	GPE	consp	1
North Treaty	LOC	consp	1
Freemasons	NORP	consp	1
MAJIC	ORG	consp	1
Indian	NORP	consp	1
Zionist	NORP	consp	1
Columbia	GPE	contra	1
Owen	PERSON	contra	1
North	LOC	contra	1
Egyptian	NORP	contrcia	1
Nicaraguan	NORP	contrcia	1
Cuban	NORP	contrcia	1
Meo	NORP	contrcia	1
New York City	GPE	control	1
Beethoven	PERSON	control	1
New York	GPE	corpdem	1
African	NORP	corpdem	1
Haitian	NORP	corpdem	1
Russians	NORP	cotd9311	1
Montreal	GPE	cotd9311	1
Owen	PERSON	crybaby	1
Buffalo	GPE	crybaby	1
EVENTS	EVENT	crybaby	1
British	NORP	crybaby	1
Cubans	NORP	dallas	1
McGovern	PERSON	dallas	1
Russian	NORP	dallas	1
McDonald	PERSON	dallas	1
ABC	ORG	dallas	1
Indians	NORP	dark1	1
New York	GPE	deaths	1
Sundry	LOC	deskgen	1
New York City	GPE	dictator	1
New York	GPE	dictator	1
CIA	ORG	dicthere	1
North Korea	LOC	diplomat	1
Canada	GPE	diseas	1
Maxwell	PERSON	dpalma5	1
North	LOC	drug-cia	1
Reagan	PERSON	drugrunr	1
Columbia	GPE	drugrunr	1
Baltimore	GPE	drugrunr	1
Sun	LOC	drugrunr	1
Sunn	LOC	evol-110	1
Beach	PERSON	evol-110	1
Canada	GPE	evol-110	1
Japanese	NORP	evol-110	1
Patriotic	NORP	evol-110	1
Patriots	NORP	exec_ord	1
New York City	GPE	exec_ord	1
Columbia	GPE	exec_ord	1
North Carolina	LOC	exec_ord	1
North Dakota	LOC	exec_ord	1
Gramm	PERSON	exec_ord	1
Patriot	NORP	exec_ord	1
Northern Ireland	LOC	exec_ord	1
Moon	LOC	exec_ord	1
Vatican	GPE	exec_ord	1
WACL	ORG	exec_ord	1
MKULTRA	ORG	exec_ord	1
Nicaraguan	NORP	exec_ord	1
North Next	LOC	exec_ord	1
UFOs	EVENT	exec_ord	1
Russian	NORP	exec_ord	1
North Command	LOC	exec_ord	1
Patriots	NORP	executiv	1
New York City	GPE	executiv	1
Columbia	GPE	executiv	1
North Carolina	LOC	executiv	1
North Dakota	LOC	executiv	1
Gramm	PERSON	executiv	1
Patriot	NORP	executiv	1
Northern Ireland	LOC	executiv	1
Moon	LOC	executiv	1
Vatican	GPE	executiv	1
WACL	ORG	executiv	1
MKULTRA	ORG	executiv	1
Nicaraguan	NORP	executiv	1
North Next	LOC	executiv	1
UFOs	EVENT	executiv	1
Russian	NORP	executiv	1
North Command	LOC	executiv	1
Haitians	NORP	fakeaids	1
New York City	GPE	fakeaids	1
Indians	NORP	fakeaids	1
Japanese	NORP	fakeaids	1
CIA	ORG	fakeaids	1
Patriot	NORP	fakeaids	1
Indian	NORP	fakeaids	1
Jews	NORP	fakeaids	1
Columbia	GPE	fbi-fone	1
Patriots	NORP	fema-1	1
New York City	GPE	fema-1	1
Columbia	GPE	fema-1	1
North Carolina	LOC	fema-1	1
North Dakota	LOC	fema-1	1
New York Times	ORG	fema-1	1
Gramm	PERSON	fema-2	1
Patriot	NORP	fema-2	1
Pennsylvania	GPE	fema-2	1
Northern	PERSON	fema-2	1
Indian	NORP	fema-2	1
Moon	LOC	fema-2	1
Vatican	GPE	fema-2	1
WACL	ORG	fema-2	1
MKULTRA	ORG	fema-2	1
Nicaraguan	NORP	fema-2	1
North Next	LOC	fema-2	1
New York Times	ORG	fema-3	1
UFOs	EVENT	fema-3	1
Russian	NORP	fema-3	1
North Command	LOC	fema-3	1
Columbia	GPE	femabust	1
New York	GPE	femabust	1
New York	GPE	foia	1
Albany	GPE	foia	1
Albuquerque	GPE	foia	1
Anchorage	GPE	foia	1
Baltimore	GPE	foia	1
Buffalo	GPE	foia	1
Butte	GPE	foia	1
Columbia	GPE	foia	1
Indianapolis	NORP	foia	1
Northshore	PERSON	foia	1
Milwaukee	GPE	foia	1
Portland	GPE	foia	1
Richmond	GPE	foia	1
Sacramento	GPE	foia	1
Johnston	PERSON	forg0int	1
British	NORP	forg0int	1
North	LOC	forg0int	1
Evangelists	NORP	forg0int	1
Constantine	PERSON	forg0int	1
Sun	LOC	forg0int	1
PAGAN	NORP	forg0int	1
Jewry	NORP	forg1	1
Pennsylvania	GPE	forg1	1
African	NORP	forg1	1
PAGANISM	NORP	forg1	1
Pharselis	LOC	forg1	1
Nazareth	GPE	forg1	1
New York	GPE	forg1	1
Egyptian	NORP	forg1	1
British	NORP	forg1	1
Northern	PERSON	forg1	1
Judaic	NORP	forg1	1
Evangelist	NORP	forg1	1
Judaistic	NORP	forg1	1
Jew	NORP	forg1	1
Judaea	NORP	forg1	1
Columbia	GPE	forg1	1
New York City	GPE	forg1	1
Buffalo	GPE	forg1	1
Zion	NORP	forg2	1
Westminster	GPE	forg2	1
Monks	NORP	forg2	1
Grammarians	PERSON	forg3	1
Nazareth	GPE	forg3	1
Evangelists	NORP	forg3	1
Vatican	GPE	forg3	1
New York	GPE	forg3	1
Constitantinoble	GPE	forg3	1
Vespasian	PERSON	forg3	1
Egyptian	NORP	forg3	1
Columbia	GPE	forg3	1
New York City	GPE	forg3	1
Buffalo	GPE	forg3	1
Infidels	NORP	forg4	1
African	NORP	forg4	1
Sundry	LOC	forg5	1
Judaea	NORP	forg5	1
Egyptian	NORP	forg5	1
Babylon	GPE	forg5	1
Columbia	GPE	forg5	1
New York City	GPE	forg5	1
Buffalo	GPE	forg5	1
Egyptians	NORP	forg6	1
CHRISTIAN	NORP	forg6	1
Annals	ORG	forg6	1
MARTYRS	NORP	forg6	1
PAGAN	NORP	forg6	1
Jewish	NORP	forg6	1
Grammar	PERSON	forg6	1
Nazareth	GPE	forg6	1
Russians	NORP	forg6	1
Evangelist	NORP	forg6	1
Judaism	NORP	forg7	1
Jewry	NORP	forg7	1
Catholicism	NORP	forg7	1
Egyptians	NORP	forg7	1
Moon	LOC	forg7	1
Annals	ORG	forg7	1
Jurisconsults	NORP	forg7	1
MARTYRS	NORP	forg7	1
CANADA	GPE	forward	1
New York	GPE	free-trd	1
Freemsons	NORP	freeasoc	1
Japanese	NORP	freetrd2	1
New York	GPE	germ	1
Reagan	PERSON	germ	1
New York Times	ORG	germ	1
UFOs	EVENT	germ	1
ABC	ORG	global	1
CBS	ORG	global	1
New York City	GPE	global	1
Reagan	PERSON	global	1
Pennsylvania	GPE	goldtrig	1
North Carolina	LOC	goldtrig	1
PREVENT	EVENT	goldtrig	1
KTOK	ORG	goldtrig	1
in\j\Montreal	GPE	goldtrig	1
FBI	ORG	goldtrig	1
McCarthy	PERSON	govt-imp	1
Tesla	PERSON	gravity	1
Indian	NORP	gravity	1
Indian	NORP	gun-ctrl	1
Northwest	PERSON	gun-ctrl	1
Reagan	PERSON	handbank	1
Beach	PERSON	handbank	1
McDonald	PERSON	handbank	1
CBS	ORG	handbank	1
Vietnamese	NORP	handbank	1
African	NORP	handbank	1
Egyptian	NORP	handbank	1
Physiocrats	NORP	hertecon	1
Japanese	NORP	hertecon	1
Reagan	PERSON	hoover	1
Zapruder	PERSON	hoover	1
Pennsylvania	GPE	hoover	1
COMMERCIAL	ORG	hr-3515	1
PREVENTION	EVENT	hr-3515	1
Indiana	NORP	hr-3515	1
New York	GPE	hr-3515	1
Pennsylvania	GPE	hr-3515	1
Diamond	PERSON	hr-3515	1
Columbia	GPE	hr-3515	1
Japanese	NORP	idaho	1
Baltimore	GPE	idaho	1
North Pole	LOC	idaho	1
Columbia	GPE	if_entap	1
Zion	NORP	if_entap	1
Egyptian	NORP	if_entap	1
Evangelist	NORP	if_entap	1
Baltimore	GPE	if_felcr	1
Pennsylvania	GPE	if_felcr	1
Jewel	NORP	if_felcr	1
Indian	NORP	if_felcr	1
Grammar	PERSON	if_felcr	1
North Star	LOC	if_felcr	1
Nazareth	GPE	if_felcr	1
Columbia	GPE	if_felcr	1
ILLUMINATI	ORG	illumhis	1
North America	LOC	illumhis	1
Babylon	GPE	illumhis	1
Africanus	NORP	illumhis	1
Nazareth	GPE	illumhis	1
Judaism	NORP	illumhis	1
North India	LOC	illumhis	1
Diamond	PERSON	illumhis	1
Zionism	NORP	illumhis	1
Catholic	NORP	illumhis	1
North Korean	LOC	illumhis	1
Clinton	PERSON	illumhis	1
Mooney	LOC	illumhis	1
Reynolds	PERSON	illumhis	1
Beach	PERSON	illumhis	1
Reagan	PERSON	illumhis	1
LEAA	ORG	illumhis	1
Astronauts	NORP	illumhis	1
Baltimore	GPE	illumhis	1
Carbondale	GPE	illumhis	1
Butterfield	GPE	illumhis	1
Canada	GPE	illumin	1
Indiana	NORP	illumin	1
North Mines	LOC	illumin	1
McDonald	PERSON	illumin	1
Reynolds	PERSON	illumin	1
Masonic	NORP	illumin	1
Sunnyvale	LOC	illumin	1
Reagan	PERSON	illumin	1
Catholicism	NORP	illumina	1
North Germany	LOC	illumina	1
Catholic	NORP	illumina	1
Freemason	NORP	illumina	1
Jews	NORP	illumina	1
SOCIAL	ORG	inc-tax	1
Birmingham	GPE	incon001	1
North Review	LOC	incon001	1
MARCONI	PERSON	incon001	1
McCarthy	PERSON	incon001	1
CHRISTIAN	NORP	incon001	1
Sun	LOC	incon001	1
Indian	NORP	incon001	1
Owen	PERSON	incon001	1
North	LOC	incon001	1
Japanese	NORP	incon001	1
Canada	GPE	incon001	1
Montreal	GPE	incon001	1
North Continent	LOC	incon001	1
Beach	PERSON	incon002	1
Heathens	NORP	incon002	1
Judah	NORP	incon002	1
North Carolina	LOC	incon002	1
OFFICIAL	ORG	incon002	1
FBI	ORG	incon002	1
Canada	GPE	incon002	1
Patriot	NORP	incon002	1
Judah	NORP	incon003	1
COMMERCIAL	ORG	incon003	1
Patriot	NORP	incon003	1
SEVENTEENTH	EVENT	incon003	1
Framer	NORP	incon003	1
Vatican	GPE	incon003	1
North Coast	LOC	incon003	1
Russian	NORP	incon003	1
JUSTICIABLE	ORG	incon003	1
Jewish	NORP	incon003	1
Albany	GPE	incon003	1
CRUCIAL	ORG	incon003	1
Nicaraguan	NORP	incon003	1
PREVENTION	EVENT	incon007	1
Jews	NORP	incon007	1
Baltimore	GPE	incon007	1
New York City	GPE	incon007	1
SPECIAL	ORG	incon007	1
JURORS	NORP	incon007	1
Indian	NORP	incon007	1
Pennsylvania	GPE	incon007	1
ARTIFICIAL	ORG	incon007	1
North Carolina	LOC	incon007	1
ASSOCIATION	ORG	incon007	1
Sacramento	GPE	incon007	1
Vietnamese	NORP	incon007	1
CHRISTIAN	NORP	incon007	1
COMMERCIAL	ORG	incon008	1
Babylonia	GPE	incon008	1
Owen	PERSON	incon008	1
BENEFICIAL	ORG	incon008	1
Columbia	GPE	incon013	1
JUDICIARY	ORG	incon013	1
ABC	ORG	infmnply	1
CBS	ORG	infmnply	1
New York	GPE	infmnply	1
IBM	ORG	infmnply	1
Sun	LOC	infmnply	1
IBM	ORG	info-tmp	1
IBM	ORG	ins-rich	1
Columbia	GPE	ins-rich	1
Pennsylvania	GPE	ins-rich	1
North Atlantic	LOC	ins-rich	1
Russians	NORP	ins-rich	1
British	NORP	ins-rich	1
Montreal	GPE	ins-rich	1
Wackenhut	ORG	ins-rich	1
FBI	ORG	ins-rich	1
FBI	ORG	inslaw	1
New York Times	ORG	inslaw	1
North	LOC	inslaw	1
British	NORP	inslaw2	1
Northern	PERSON	inslaw2	1
WACKENHUT	ORG	inslaw2	1
New York	GPE	inslaw2	1
New York Times	ORG	inslaw2	1
NEWSBYTES	ORG	inslaw2	1
ABC	ORG	inslaw2	1
Catholic	NORP	inslaw2	1
Indian	NORP	inslaw2	1
ABC	ORG	inslaw3	1
CIA	ORG	inslaw3	1
UFO	EVENT	inslaw3	1
Canada	GPE	inslaw3	1
FBI	ORG	inslaw3	1
Pennsylvania	GPE	inslaw3	1
North Command	LOC	inslaw4	1
British	NORP	inslaw4	1
ABC	ORG	inthenam	1
New York	GPE	inthenam	1
Africans	NORP	inthenam	1
REBELS	PERSON	inthenam	1
New York Times	ORG	inthenam	1
North	LOC	inthenam	1
North Vietnam	LOC	inthenam	1
Sun	LOC	intro	1
Catholic	NORP	intro	1
Tesla	PERSON	intro	1
Canada	GPE	iraqmiss	1
SPECIAL	ORG	ironmoun	1
North Vietnam	LOC	ironmoun	1
Northern European	LOC	ironmoun	1
Columbian	GPE	ironmoun	1
Beethoven	PERSON	ironmoun	1
Canada	GPE	ironmoun	1
North Whitehead	LOC	ironmoun	1
Sun	LOC	issue-15	1
Reagan	PERSON	issue-15	1
Trilateralists	NORP	issue-15	1
Russian	NORP	issue-15	1
Catholic	NORP	issue-15	1
Japanese	NORP	issue-15	1
Japanese	NORP	issue-17	1
Vietnamese	NORP	issue-17	1
Cubans	NORP	issue-17	1
Catholic	NORP	issue-17	1
New York	GPE	issue-17	1
British	NORP	issue-18	1
Indians	NORP	issue-18	1
Paganism	NORP	issue-18	1
Moonies	LOC	issue-18	1
North Africa	LOC	issue-19	1
Moonies	LOC	issue-19	1
Beach	PERSON	issue-19	1
North Carolina	LOC	issue-19	1
Judaic	NORP	issue-20	1
North	LOC	issue-20	1
Indian	NORP	issue-20	1
RACIAL	ORG	issue-20	1
Cubans	NORP	issue-20	1
Haitians	NORP	issue-20	1
Judaism	NORP	issue-20	1
Russians	NORP	issue-20	1
Masonic	NORP	issue-20	1
Egotists	NORP	issue-20	1
Beach	PERSON	issue-21	1
Jewieh	NORP	issue-21	1
Jew	NORP	issue-21	1
Judaism	NORP	issue-21	1
Patriots	NORP	issue-24	1
British	NORP	issue-24	1
North	LOC	issue-24	1
PHYSICIAN	ORG	issue-24	1
RACIAL	ORG	issue-24	1
Catholic	NORP	issue-24	1
FBI	ORG	issue-24	1
CIA	ORG	issue-24	1
Canada	GPE	issue-24	1
Judah	NORP	issue-25	1
Babylonia	GPE	issue-25	1
Zion	NORP	issue-25	1
African	NORP	issue-25	1
Indiana	NORP	issue-26	1
Beach	PERSON	issue-26	1
Russian	NORP	issue-26	1
Judaism	NORP	issue-26	1
Vespasian	PERSON	issue-26	1
Duce	NORP	italy	1
North Organization	LOC	italy	1
Freemasonry	NORP	italy	1
Catholic	NORP	italy	1
Reagan	PERSON	italy	1
Russian	NORP	jfk-0003	1
Dodd	PERSON	jfk-echo	1
Grammer	PERSON	jfk-echo	1
Canada	GPE	jfk-echo	1
Albany	GPE	jfk-echo	1
Milwaukee	GPE	jfk-echo	1
Ramparts	ORG	jfk-echo	1
Nicaraguan	NORP	jfk-echo	1
Reynolds	PERSON	jfk-echo	1
ABC	ORG	jfk-echo	1
Pennsylvania	GPE	jfk-echo	1
Japanese	NORP	jfk-echo	1
McCarthy	PERSON	jfk-echo	1
McCone	PERSON	jfk-echo	1
North	LOC	jfk-echo	1
Dodd	PERSON	jfkmessages	1
Pennsylvania	GPE	jfkmessages	1
Maxwell	PERSON	jfkmessages	1
CBS	ORG	jfkmessages	1
Reagan	PERSON	jfkques	1
North	LOC	jfkques	1
Russian	NORP	kgbbib	1
Buffalo	GPE	kisdeath	1
North Ridgeville	LOC	kisdeath	1
Babylonian	GPE	kurt	1
Egyptian	NORP	kurt	1
ASSOCIATION	ORG	kurt	1
Japanese	NORP	kurt	1
Northwest	PERSON	kurtresp	1
CHRISTIAN	NORP	kurtresp	1
Jews	NORP	kurtresp	1
Reaganbush	PERSON	kurtresp	1
NDPC	ORG	larouche	1
Jewish	NORP	larouche	1
IBM	ORG	laws2	1
Indian	NORP	laws3	1
IBM	ORG	laws3	1
Pennsylvania	GPE	laws4	1
IBM	ORG	laws4	1
IBM	ORG	laws5	1
Portland	GPE	laws6	1
IBM	ORG	laws6	1
IBM	ORG	laws7	1
Beach	PERSON	lbtygate	1
Zionist	NORP	lbtygate	1
Northwest	PERSON	libxtrem	1
Canada	GPE	lock-imm	1
CBS	ORG	lock-imm	1
Cuban	NORP	lock-imm	1
Jew	NORP	lock-imm	1
Vietnamese	NORP	lock-imm	1
North	LOC	lostkey	1
Freemason	NORP	lostkey	1
Rockefeller	PERSON	marcheti	1
British	NORP	marcheti	1
New York	GPE	marcheti	1
Jewish	NORP	marcheti	1
Nazareth	GPE	mars	1
Dodd	PERSON	mccabe01	1
Russians	NORP	mccabe01	1
Indians	NORP	mccabe01	1
Jews	NORP	mccabe01	1
Duce	NORP	mccabe01	1
New York	GPE	mccabe01	1
Spaniards	NORP	mccabe01	1
ABC	ORG	mccabe01	1
New York Times	ORG	mccabe01	1
Dodd	PERSON	mccabe02	1
North	LOC	mccabe02	1
Indian	NORP	mccabe02	1
Spaniards	NORP	mccabe03	1
Constantine	PERSON	mccabe03	1
Briton	GPE	mccabe03	1
Dodd	PERSON	mccabe03	1
Judaism	NORP	mccabe03	1
Jew	NORP	mccabe03	1
Suner	LOC	mccabe03	1
Monks	NORP	mccabe03	1
Spaniard	NORP	mccabe04	1
Jews	NORP	mccabe04	1
Freemasons	NORP	mccabe04	1
McGovern	PERSON	mccabe04	1
Duce	NORP	mccabe04	1
African	NORP	mccabe05	1
Jews	NORP	mccabe05	1
Sunday	LOC	mccabe05	1
Sun	LOC	mccabe05	1
African	NORP	mccabe06	1
Westminster	GPE	mccabe06	1
Spaniards	NORP	mccabe06	1
New York Times	ORG	mccabe06	1
Nazareth	GPE	mccabe07	1
Dodd	PERSON	mccabe07	1
Jew	NORP	mccabe07	1
North Africa	LOC	mccabe07	1
Spaniards	NORP	mccabe07	1
African	NORP	mccabe08	1
Orsenigo	PERSON	mccabe08	1
New York	GPE	mccabe08	1
New York Times	ORG	mccabe08	1
Zagreb	GPE	mccabe08	1
CHRISTIAN	NORP	mccabe09	1
New York	GPE	mccabe09	1
Monks	NORP	mccabe09	1
Jewish	NORP	mccabe09	1
New York Times	ORG	mccabe09	1
Jews	NORP	mccabe09	1
Montreal	GPE	mccabe09	1
New York	GPE	mccabe10	1
Falangist	ORG	mccabe10	1
Freemasonry	NORP	mccabe10	1
Canada	GPE	mccabe10	1
Britons	GPE	mccabe10	1
New York	GPE	mccabe11	1
Duce	NORP	mccabe11	1
Dachau	LOC	mccabe11	1
Japanese	NORP	mccabe11	1
Marconi	PERSON	mccabe11	1
Nazareth	GPE	mccabe11	1
North America	LOC	mccabe12	1
Indians	NORP	mccabe12	1
New York City	GPE	mccabe12	1
Jewess	NORP	mccabe12	1
Gauleiter	NORP	mccabe12	1
Japanese	NORP	mccabe12	1
Spaniards	NORP	mccabe12	1
Sundays	LOC	mccabe13	1
Freemasons	NORP	mccabe13	1
North	LOC	mccabe13	1
Canada	GPE	mccabe13	1
Milwaukee	GPE	mccabe13	1
Owen	PERSON	mccabe13	1
Britons	GPE	mccabe14	1
Columbia	GPE	mccabe14	1
Spaniards	NORP	mccabe14	1
Vespasian	PERSON	mccabe14	1
New York	GPE	mccabe14	1
CHRISTIAN	NORP	mccabe14	1
Duce	NORP	mccabe14	1
RACIAL	ORG	mccabe14	1
Jewish	NORP	mccabe14	1
North	LOC	mccabe15	1
Pennsylvania	GPE	mccabe15	1
Baltimore	GPE	mccabe15	1
Japanese	NORP	mccabe15	1
Duce	NORP	mccabe15	1
Freemasons	NORP	mccabe15	1
Jewish	NORP	mccabe15	1
Zion	NORP	mccabe16	1
New York Times	ORG	mccabe16	1
Jewish	NORP	mccabe16	1
Judaea	NORP	mccabe16	1
Northern	PERSON	mccabe16	1
Freemason	NORP	mccabe16	1
Beethoven	PERSON	mccabe16	1
African	NORP	mccabe16	1
New York	GPE	mccabe16	1
Canada	GPE	mccabe16	1
Dachau	LOC	mccabe17	1
Jews	NORP	mccabe17	1
Freemasonry	NORP	mccabe17	1
Columbian	GPE	mccabe17	1
North Carolina	LOC	mccabe18	1
Indians	NORP	mccabe18	1
New York	GPE	mccabe18	1
Pagan	NORP	mccabe18	1
North Italy	LOC	mccabe18	1
Montreal	GPE	mccabe18	1
Canada	GPE	mccabe18	1
Sunrise	LOC	mccabe18	1
Judaic	NORP	mccabe18	1
Jews	NORP	mccabe18	1
Babylon	GPE	mccabe18	1
Egyptian	NORP	mccabe18	1
Marconi	PERSON	mccabe19	1
Jewish	NORP	mccabe19	1
Spaniards	NORP	mccabe19	1
Freemasonry	NORP	mccabe19	1
Britons	GPE	mccabe19	1
Jews	NORP	mccabe19	1
Freemasons	NORP	mccabe19	1
Spaniard	NORP	mccabe19	1
Northern	PERSON	mccabe19	1
Pennsylvania	GPE	men-blck	1
Catholic	NORP	men-blck	1
New York	GPE	mindscan	1
Russians	NORP	mindscan	1
CBS	ORG	mindscan	1
Indian	NORP	mism18	1
Annals	ORG	mism18	1
CIA	ORG	moynihan	1
New York City	GPE	moynihan	1
Russian	NORP	moynihan	1
Columbia	GPE	moynihan	1
New York Times	ORG	moynihan	1
British	NORP	msnscrts	1
Moon	LOC	msnscrts	1
British	NORP	nazidocs	1
North	LOC	nazidocs	1
Obersturmfuehrer	NORP	nazidocs	1
Juda	NORP	nazidocs	1
Callen	PERSON	news	1
Vatican	GPE	ninemen	1
British	NORP	ninemen	1
Japanese	NORP	no_reps	1
Columbia	GPE	no_reps	1
Pennsylvania	GPE	no_reps	1
CHRISTIAN	NORP	no_reps	1
Dodd	PERSON	no_reps	1
Moonies	LOC	no_reps	1
Moon	LOC	notreasn	1
North Pole	LOC	notreasn	1
Catholic	NORP	notreasn	1
Canada	GPE	nsa-egb	1
Russian	NORP	ntlguard	1
North Command	LOC	ntlguard	1
CIAOBIL	ORG	opal	1
Canada	GPE	opal	1
Indiana	NORP	opal	1
North Flinders	LOC	opal	1
McDonald	PERSON	opal	1
Reynolds	PERSON	opal	1
North Sea	LOC	opal	1
Reagan	PERSON	ourmess	1
ARTIFICIAL	ORG	ourmess	1
Gramm	PERSON	ourmess	1
Indiana	NORP	ourmess	1
ILLUMINATI	ORG	outline1	1
North America	LOC	outline1	1
Babylon	GPE	outline1	1
Africanus	NORP	outline1	1
Nazareth	GPE	outline1	1
Judaism	NORP	outline1	1
North India	LOC	outline1	1
Indian	NORP	outline1	1
Diamond	PERSON	outline1	1
Columbia	GPE	outline1	1
Canada	GPE	outline1	1
UFOs	EVENT	outline1	1
Zionism	NORP	outline1	1
Marconi	PERSON	outline1	1
FBI	ORG	outline1	1
Vatican	GPE	panamatv	1
Canada	GPE	panamatv	1
Columbia	GPE	panamatv	1
CASTRO	PERSON	panamatv	1
Nicaraguan	NORP	panamatv	1
Reagan	PERSON	panamatv	1
North American	LOC	panamatv	1
Maxwell	PERSON	panamatv	1
New York	GPE	pcensor	1
New York Times	ORG	pcensor	1
Beach	PERSON	pcensor	1
Africans	NORP	pcensor	1
Columbia	GPE	pcensor	1
Patriot	NORP	pcensor	1
British	NORP	pcensor	1
Japanese	NORP	pcensor	1
Rockefeller	PERSON	peril	1
Haitians	NORP	peril	1
North Carolina	LOC	peril	1
Sacramento	GPE	peril	1
Russians	NORP	peril	1
Pennsylvania	GPE	peril	1
OFFICIAL	ORG	pgen	1
EBE	PERSON	pgen	1
Indian	NORP	pgen	1
FBI	ORG	pgen	1
CIA	ORG	pgen	1
PREVENT	EVENT	pgen2	1
SPACIAL	ORG	philaexp	1
CIA	ORG	philaexp	1
Indianapolis	NORP	pigspy	1
New York	GPE	pigspy	1
Nicaraguan	NORP	plrspawn	1
African	NORP	pol-stat	1
New York Times	ORG	pol-stat	1
New York	GPE	pol-stat	1
New York	GPE	polit-cr	1
Northern	PERSON	post22	1
British	NORP	pvt-prop	1
British	NORP	pvtprop2	1
New York Times	ORG	rat11	1
SPECIAL	ORG	rfk1	1
New York Times	ORG	rfk1	1
New York City	GPE	rfk1	1
ABC	ORG	rfk1	1
Nicaraguan	NORP	right-lf	1
Japanese	NORP	right-lf	1
New York City	GPE	right-lf	1
Owen	PERSON	right-lf	1
Milwaukee	GPE	right-lf	1
Jewry	NORP	right-lf	1
Northpoint Tactical	LOC	right-lf	1
North Carolina	LOC	right-lf	1
Rockefeller	PERSON	right-lf	1
Patriots	NORP	right-lf	1
Beach	PERSON	right-lf	1
UFOs	EVENT	right-lf	1
Jew	NORP	right-lf	1
Indians	NORP	right-lf	1
Judaism	NORP	right-lf	1
McGovern	PERSON	right-lf	1
McDonalds	PERSON	right-lf	1
New York	GPE	sc001	1
Catholic	NORP	sc001	1
North America	LOC	sc001	1
British	NORP	sc001	1
CIA	ORG	sc001	1
New York	GPE	sc002	1
North Agreement	LOC	sc003	1
Japanese	NORP	sc003	1
Rockefellers	PERSON	sc003	1
British	NORP	sc003	1
Russian	NORP	sc003	1
Vatican	GPE	sc004	1
Reagan	PERSON	sc004	1
FBI	ORG	sc004	1
ABC	ORG	sc005	1
CBS	ORG	sc005	1
CIA	ORG	sc005	1
Vatican	GPE	sc005	1
British	NORP	sc005	1
FBI	ORG	sc006	1
CIA	ORG	sc006	1
Reagan	PERSON	sc007	1
Inslaw	ORG	sc007	1
Pennsylvania	GPE	sc007	1
Vatican	GPE	sc007	1
FBI	ORG	sc007	1
Clinton	PERSON	sc011	1
North Vietnam	LOC	sc012	1
British	NORP	sc012	1
FBI	ORG	sc012	1
FBI	ORG	sc013	1
CIA	ORG	sc013	1
FBI	ORG	sc014	1
British	NORP	sc015	1
FBI	ORG	sc015	1
New York Times	ORG	sc016	1
CIA	ORG	sc016	1
Milwaukee	GPE	sc018	1
Reynolds	PERSON	sc018	1
Northlake	PERSON	sc019	1
Indianapolis	NORP	sc019	1
FBI	ORG	sc020	1
Inslaw	ORG	sc020	1
Canada	GPE	sc021	1
Jew	NORP	sc021	1
Cuban	NORP	sc022	1
CBS	ORG	sc022	1
CIA	ORG	sc023	1
Reagan	PERSON	sc023	1
North	LOC	sc023	1
Vatican	GPE	sc023	1
New York	GPE	scientol	1
Russian	NORP	scientol	1
Indian	NORP	scientol	1
FINANCIAL	ORG	scientol	1
Owens	PERSON	scientol	1
British	NORP	scientol	1
Columbia	GPE	scientol	1
SCIENTOLOGISTS	NORP	scientol	1
FBI	ORG	scientol	1
PREVENTIVE	EVENT	scrtgovt	1
CBS	ORG	scrtgovt	1
Sacramento	GPE	scrtgovt	1
Northern	PERSON	secret	1
Rockefeller	PERSON	secret	1
Japanese	NORP	secret	1
Catholic	NORP	secret	1
Russian	NORP	secret	1
Jews	NORP	secret	1
Northern	PERSON	secretw	1
Rockefeller	PERSON	secretw	1
Japanese	NORP	secretw	1
Catholic	NORP	secretw	1
Russian	NORP	secretw	1
Jews	NORP	secretw	1
Tesla	PERSON	sem1	1
North	LOC	sem1	1
Vietnamese	NORP	sem1	1
North America	LOC	sem1	1
Canada	GPE	sem1	1
PREVENT	EVENT	sem1	1
Birmingham	GPE	sem1	1
Maxwell	PERSON	sem3	1
UFO	EVENT	sem4	1
Tesla	PERSON	sem5	1
Cuban	NORP	sem5	1
Japanese	NORP	sem5	1
Cuban	NORP	sem6	1
Russian	NORP	sem6	1
North	LOC	sem6	1
North Atlantic	LOC	sem6	1
CIA	ORG	sem6	1
APPRECIATED	ORG	senate	1
UFO	EVENT	senators	1
CIA	ORG	senators	1
IRAQ	GPE	shadwcia	1
McCarthyite	PERSON	shadwcia	1
New York	GPE	shadwcia	1
Indian	NORP	shadwcia	1
Clinton	PERSON	shadwcia	1
Baltimore	GPE	shadwcia	1
Zionists	NORP	shoah001	1
Indians	NORP	shoah001	1
Africans	NORP	shoah001	1
Zionism	NORP	shoah001	1
Zionist	NORP	shoah001	1
Beach	PERSON	shoah001	1
Sunset	LOC	shoah001	1
Kirschbaum	PERSON	shoah002	1
Gauleiter	NORP	shoah002	1
Jew	NORP	shoah003	1
Catholic	NORP	shoah003	1
Catholic	NORP	shoah004	1
CICR	ORG	shoah004	1
New York	GPE	shoah004	1
Russians	NORP	shoah004	1
Vatican	GPE	shoah004	1
Jew	NORP	shoah004	1
FBI	ORG	sklbones	1
FBI	ORG	skolnick9503	1
New York	GPE	skolnick9503	1
Russian	NORP	skolnick9503	1
Indiana	NORP	sovconst	1
Roswell	GPE	spook	1
Cuban	NORP	spook	1
Russians	NORP	spook	1
Northern	PERSON	ssan	1
Vietnamese	NORP	ssew	1
North America	LOC	ssew	1
Canada	GPE	ssew	1
PREVENT	EVENT	ssew	1
Birmingham	GPE	ssew	1
Maxwell	PERSON	ssew	1
UFO	EVENT	ssew	1
Japanese	NORP	ssew	1
Russian	NORP	ssew	1
North Atlantic	LOC	ssew	1
CIA	ORG	ssew	1
Northrup	PERSON	taking	1
African	NORP	taking	1
EVENTS	EVENT	taking	1
Eduardo	PERSON	taking	1
North Carolina	LOC	taking	1
British	NORP	taking	1
Mooney	LOC	taking	1
Reynolds	PERSON	taking	1
Pennsylvania	GPE	taking	1
Dodd	PERSON	taking	1
Maxwell	PERSON	taking	1
New York City	GPE	tesla	1
UFO	EVENT	tesla0	1
Marconi	PERSON	tesla0	1
New York	GPE	tesla0	1
Canada	GPE	tesla0	1
North Dakota	LOC	tesla0	1
UFO	EVENT	tesla1	1
British	NORP	tesla1	1
Canada	GPE	tesla1	1
New York	GPE	tesla1	1
Russian	NORP	tesla2	1
Grammachikoff	PERSON	tesla2	1
Rosenholtz	PERSON	tesla2	1
Butterflies	GPE	tesla2	1
New York City	GPE	tesla2	1
North	LOC	tesla2	1
Canada	GPE	tesla2	1
ASSOCIATION	ORG	teslaved	1
ISHVARA	NORP	teslaved	1
Maxwell	PERSON	teslaved	1
Reynolds	PERSON	testing	1
Johnston	PERSON	testing	1
Astronauts	NORP	theory	1
BENEFICIAL	ORG	theory2	1
Jewish	NORP	totalism	1
Patriot	NORP	tv-stuff	1
Canada	GPE	twins	1
British	NORP	twins	1
WACL	ORG	twins	1
Sun	LOC	twins	1
Moon	LOC	twins	1
UFOs	EVENT	uni-cons	1
Portland	GPE	uni-cons	1
North Nam	LOC	uni-cons	1
Indian	NORP	uni-cons	1
Russians	NORP	uni-cons	1
FBI	ORG	uni-cons	1
Russian	NORP	uni-cons	1
Columbia	GPE	uni-cons	1
DREAMLAND	LOC	uni-cons	1
LUNA	LOC	uni-cons	1
Moon	LOC	uni-cons	1
Astronauts	NORP	uni-cons	1
EBE	PERSON	uni-cons	1
DOOLITTLE	PERSON	uni-cons	1
FBI	ORG	waco1	1
BATF	ORG	waco1	1
Zapruder	PERSON	waco1	1
IBM	ORG	waves	1
North Ave	LOC	waves	1
Beach	PERSON	waves	1
Haitians	NORP	waves	1
New York City	GPE	waves	1
Indians	NORP	waves	1
Japanese	NORP	waves	1
Patriot	NORP	waves	1
Jews	NORP	waves	1
ABC	ORG	waves	1
CBS	ORG	waves	1
Russians	NORP	waves	1
Moongate	LOC	waves	1
Portland	GPE	waves	1
Bowart	PERSON	waves	1
North	LOC	waves	1
North Pole	LOC	waves	1
North Carolina	LOC	weather	1
Pennsylvania	GPE	weather	1
Northern	PERSON	weaver	1
SPECIAL	ORG	web	1
Nazareth	GPE	web	1
New York	GPE	web	1
Indians	NORP	web	1
Moon	LOC	web	1
Northrop	PERSON	web	1
Reagan	PERSON	web	1
Jewish	NORP	web	1
Masonic	NORP	web	1
Indian	NORP	web	1
Russians	NORP	web	1
DREAMLAND	LOC	web	1
Albuquerque	GPE	web	1
EBEs	PERSON	web	1
ASSOCIATION	ORG	worldbnk	1
Russians	NORP	wtcbomb1	1
African	NORP	wtcbomb1	1
Sunbelt	LOC	wtcbomb1	1
McCarthy	PERSON	wtcbomb1	1
Catholic	NORP	wtcbomb1	1
Nicaraguan	NORP	wtcbomb1	1
Russians	NORP	wtcbomb2	1
Zionist	NORP	wtcbomb2	1
New York Times	ORG	wtcbomb2	1
Canada	GPE	wtcbomb3	1
New York Times	ORG	wtcbomb3	1
Jewish	NORP	wtcbomb3	1
Egyptian	NORP	wtcbomb3	1
CIA	ORG	wtcbomb3	1
Jews	NORP	wtcbomb3	1
Reagan	PERSON	wtcbomb4	1
Russians	NORP	wtcbomb4	1
New York Times	ORG	wtcbomb4	1
Koresh	PERSON	zionism	1
Jewry	NORP	zionism	1
FBI	ORG	zionism	1